name,date,gj-qydf,prov,class1,class2,keyword,desc,link
《固体废物综合治理行动计划》,2026/1/4,国家级,,1.国家战略体系,,固体废物,"旨在加强固体废物综合治理，推进美丽中国建设，加快经济社会发展全面绿色转型。目标到2030年，重点领域固体废物专项整治取得明显成效，固体废物历史堆存量得到有效管控，非法倾倒处置高发态势得到遏制，大宗固体废弃物年综合利用量达到45亿吨，主要再生资源年循环利用量达到5.1亿吨，固体废物综合治理能力和水平显著提升。提出推动源头管控和减量、规范收集转运和贮存等十大方面共26项具体措施。
",https://www.gov.cn/zhengce/content/202601/content_7053807.htm
《绿色产品认证与标识管理办法》,2026/1/4,国家级,,2.政策制度体系,2.2 标准体系,绿色产品认证与标识,旨在为加快构建完善统一的绿色产品认证与标识体系，规范绿色产品认证活动和绿色产品标识使用。明确国家建立实施统一的绿色产品认证与标识体系，统一产品目录，统一评价标准，统一认证规则，统一产品标识。包含认证体系、认证实施等内容。,https://www.samr.gov.cn/zw/zfxxgk/fdzdgknr/rzjgs/art/2025/art_6663e19ccb9c44908c11c70cd5ac2a22.html
《关于加快能源科技创新支撑能源转型发展的实施意见》,2026/1/4,区域地方级,山西,4.能源领域,,能源转型,旨在进一步提升山西省能源科技创新能力和水平，探索能源转型升级新路径。目标到2030年，具有山西特色的能源科技创新体系更加完善，能源重点领域的关键技术、核心装备和重要部件研发取得突破，累计产出100项以上标志性科技成果，科技成果转化更加高效，技术成交额突破500亿元，能源企业研发机构应设尽设，企业创新主体地位更加突显，科技创新和产业创新深度融合取得显著成效。提出推动煤化工高端化多元化低碳化技术发展、加快新能源技术开发与应用等。,https://www.shanxi.gov.cn/zcwjk/szfwj/202601/t20260105_10032386_wjkDetail.shtml
《分布式电源接入电力系统承载力评估导则》,2026/1/6,国家级,,4.能源领域,,"分布式电源,新型电力系统",旨在支撑节能提效和碳排放管理，是完善新能源消纳和调控政策的重要举措，将进一步提升分布式新能源接入电力系统承载力评估工作的精益化水平，释放配电网对分布式新能源的接纳和配置能力，服务新能源大规模、高质量发展，促进新能源更好消纳。适用于分布式电源接入电力系统承载力计算及可开放容量评估，规定了分布式电源接入电力系统承载力评估的总体要求、系统级承载力计算、设备级承载力计算、承载力计算结果校核、可开放容量评估及等级划分。,https://www.nea.gov.cn/20260106/16146b8b20d741f998ac264a69e5b1e7/c.html
《可再生能源绿色电力证书管理实施细则（试行）》,2026/1/7,国家级,,4.能源领域,,"可再生能源,绿色电力证书",旨在完善绿色能源消费促进机制，规范可再生能源绿色电力证书核发等相关管理工作，依法维护各方合法权益。适用于我国境内可再生能源发电项目电量对应绿证的核发、划转、核销及相关管理工作。与我国境内有物理电量交换的境外可再生能源发电项目，参照本细则执行。包括职责分工、账户管理、绿证核发等方面共45条细则。,https://mp.weixin.qq.com/s/4MAr14DYFLdEsRuvQIzCmg
《绿色工厂评价通则》,2026/1/7,国家级,,3.产业领域,,绿色工厂,旨在积极推动绿色制造标准迭代升级，持续完善重点行业绿色工厂评价体系。这是该标准自2018年实施以来的首次修订，标志着我国绿色工厂培育工作进入新阶段。2025年12月31日起正式实施。新版标准主要有三个变化。一是明确新定义新内涵，结合新形势下绿色低碳发展的新要求，明确绿色工厂新的定位和导向，提出“新五化”，即能源低碳化、资源高效化、生产洁净化、产品绿色化和用地集约化。二是重构指标体系，确立“新五化”的一级指标框架，下设可延伸扩展的二、三级指标，并强化以定量指标为主，突出节能降碳、资源高效利用，权重合计占比高达60%。三是优化评价方法，引入基于“基准值”和“引领值”的量化评分体系，企业将实际数据与“基准值”和“引领值”进行对比得出分数，通过评分反映自身绿色化发展水平，这样的评价结果更具有区分度，更易于应用。,https://www.miit.gov.cn/xwfb/gxdt/sjdt/art/2026/art_136c7de70f324b7f8f05ab203cd64874.html
《江西省电力市场规则（试行4.0修订版）》,2026/1/7,区域地方级,江西,4.能源领域,,电力市场,为落实江西省新能源全面入市有关要求，对《江西省电力市场规则（试行4.0版）》（华中监能市场规〔2025〕82号）进行修订。本细则适用于江西电力市场，含电力中长期、现货、辅助服务市场等。,https://drc.jiangxi.gov.cn/jxsfzhggwyh/col/col14590/content/content_2009075188775260160.html
《工业绿色微电网建设与应用指南（2026—2030年）》,2026/1/9,国家级,,4.能源领域,,"绿色微电网,新能源",旨在促进重点行业领域节能降碳。工业绿色微电网是以向工业用户提供绿色电力为主要目的，集成应用光伏、风电、高效热泵、新型储能、氢能、余热余压余气、智慧能源管控等一体化系统，可融合工业生产过程、与电网友好互动并实现协同自治的综合能源系统。工业绿色微电网主要包括可再生能源发电、工业余能利用、清洁低碳氢制取与利用、新型储能应用、电能变换与柔性互联、数字化能碳管理等设施或系统。,https://www.miit.gov.cn/jgsj/jns/wjfb/art/2026/art_df9bda40e7254effaddcf1a704e41834.html
《关于推进能源气象服务体系建设的指导意见》,2026/1/9,国家级,,4.能源领域,,能源气象服务体系,气候变化背景下，能源绿色低碳转型和能源安全与气象工作息息相关。为加快构建能源气象服务体系，全面提升能源产供储销全链条气象服务能力，提出到2027年，覆盖能源规划选址及供应保障、资源监测预报、防灾减灾、气候生态效应评估、电力市场交易等全场景和短临至月季年尺度无缝隙的一体化能源气象服务体系基本建立，自主可控的风能太阳能专业数值模式和能源电力气象人工智能专业模型业务化运行。国省两级建立有技术平台、有服务产品、有业务流程、有服务对象的能源气象服务业务。到2030年，能源气象人工智能专业模型得到深入应用，水风光储等气象服务关键技术达到国际先进水平，高质效气象服务助力实现“碳达峰”阶段目标。重点任务包括完成全国风电和光伏发电资源普查、优化风能太阳能资源监测评估业务等。,https://www.cma.gov.cn/zfxxgk/gknr/wjgk/gfxwj/202601/t20260109_7536713.html
《广西电动汽车充电基础设施建设运营管理办法》,2026/1/9,区域地方级,广西,4.能源领域,,充电基础设施,旨在进一步规范广西壮族自治区充电基础设施建设、运营管理，构建和完善广西高质量充电基础设施和电动汽车服务网络，更好推动电动汽车推广应用。共六个章节33条，主要提出充电基础设施规划编制要求，各场景下充电基础设施配置要求，以及充电基础设施施工单位、项目工程质量安全、充电基础设施产品使用、项目审核报装流程要求等。,http://fgw.gxzf.gov.cn/zfxxgkzl/wjzx/zyzc/zdyj/t27099781.shtml
《江西省推动虚拟电厂高质量发展工作方案》,2026/1/12,区域地方级,江西,4.能源领域,,"新型电力系统,虚拟电厂",旨在支持新型主体创新发展，加快提升江西省虚拟电厂的发展质量，充分发挥虚拟电厂在电力保障、运行调节、新能源消纳等方面的积极作用。目标到2027年，建成一批虚拟电厂试点，力争全省虚拟电厂调节能力达到100万千瓦以上，适应虚拟电厂发展的平台建设、入网检测、运行调控等技术指引框架基本建立，与虚拟电厂相匹配的电力市场体系初步建成。到2030年，力争具备300万千瓦以上调节能力，全省虚拟电厂商业模式更加丰富多元，可调节资源聚合及响应能力进一步提升。,https://drc.jiangxi.gov.cn/jxsfzhggwyh/col/col4990/content/content_2010642055169765376.html
《江西省虚拟电厂建设运营工作指南》,2026/1/12,区域地方级,江西,4.能源领域,,"新型电力系统,虚拟电厂",旨在规范江西省开展虚拟电厂建设和运营管理工作，引导和推动虚拟电厂健康发展。要求结合江西能源资源禀赋和供需实际，规范虚拟电厂功能形态，强化虚拟电厂资源聚合、系统接入、注册准入、运营管理、市场交易等关键环节管理，不断优化完善建设运营流程和相关技术要求等。包括职责分工、安全运行管理、计量与结算等方面内容。,https://drc.jiangxi.gov.cn/jxsfzhggwyh/col/col4990/content/content_2010645441336242176.html
《关于开展零碳工厂建设工作的指导意见》,2026/1/14,国家级,,3.产业领域,,零碳工厂,旨在引导工业企业试点建设零碳工厂，带动行业减碳增效和绿色低碳转型。目标2026年起，遴选一批零碳工厂，做好标杆引领。到2027 年，在汽车、锂电池、光伏、电子电器、轻工、机械、算力设施等行业领域，培育建设一批零碳工厂，初步构建零碳工厂建设产业生态等。到2030年，将零碳工厂建设逐步拓展至钢铁、有色金属、石化化工、建材、纺织等行业领域，探索传统高载能产业脱碳新路径，推广零碳工厂设计、融资、改造、管理等综合服务模式和系统解决方案，大幅提升产品全生命周期和全产业链管理能力，实现工厂碳排放的稳步下降。建设路径包括健全碳排放核算管理体系，实现科学算碳；加快用能结构绿色低碳转型，实现源头减碳等。,https://www.gov.cn/zhengce/zhengceku/202601/content_7055277.htm
《关于加快推进新疆新能源就近消纳有关事项的通知》,2026/1/16,区域地方级,新疆,4.能源领域,,"新能源,就近消纳",旨在进一步发挥新疆维吾尔自治区风光资源优势，加快实现新能源更高水平就近消纳。提出拓展新能源就近消纳模式、统筹源网荷储协调发展、落实市场与价格机制等方面的9项措施。附《新能源就近消纳项目操作指南》。,https://xjdrc.xinjiang.gov.cn/xjfgw/c108297/202601/df93edbb5db04f7b8a790e6c584a313c.shtml
《关于支持风电开发建设规范使用林地草地有关工作的通知》,2026/1/22,国家级,,4.能源领域,,"风电开发建设,新能源",旨在统筹风电开发建设与林地草地保护，推动风电场项目规范使用林地草地，促进风电高质量发展。提出支持引导风电场项目科学布局：鼓励风电场项目开发空间集约复合利用，优先布局在沙漠、戈壁、荒漠等区域，支持风电场项目开发建设并规范使用林地草地等；明确风电场项目改造升级要求；规范风电场项目使用林地草地手续办理；强化风电场项目指导和监管。,https://www.forestry.gov.cn/lyj/1/lczc/20260129/658544.html
《生态文明建设示范区（生态工业园区）管理办法》,2026/1/26,国家级,,3.产业领域,,"工业领域,生态文明建设示范区",旨在推动工业领域生态文明建设，培育发展绿色生产力，促进工业园区绿色、低碳、循环发展，规范生态文明建设示范区（生态工业园区）建设管理工作。 本办法所称生态工业园区，是指以建设现代化产业体系为导向，以减污降碳协同为重点目标，坚持智能化、绿色化、融合化方向，具备“低碳、高质、创新、循环”典型特征，对工业领域生态文明建设具有较强的示范引领作用，符合《生态工业园区建设标准》和其他有关要求，并按规定程序通过验收，被授予相应称号的园区。包含申报与创建、验收与命名等内容。,https://www.mee.gov.cn/xxgk2018/xxgk/xxgk03/202601/t20260127_1142733.html
《美丽北京建设2026年行动计划》,2026/1/26,区域地方级,北京,2.政策制度体系,2,美丽中国,旨在加快经济社会发展全面绿色转型，深入推进美丽北京建设。提出切实提高站位、全面压实责任、深化多元协同共治。包括《持续污染防治攻坚2026年行动计划》《加快绿色低碳转型2026年行动计划》《深化多元协同共治2026年行动计划》《2026年各区生态环境保护有关指标和重点任务计划》。,https://www.beijing.gov.cn/zhengce/zfwj/zfwj2016/bgtwj/202601/t20260126_4466396.html
《关于完善发电侧容量电价机制的通知》,2026/1/30,国家级,,4.能源领域,,"电价机制,发电侧容量,新能源",旨在贯彻落实党中央和国务院关于推进能源领域价格改革，加快建设新型能源体系的决策部署，引导调节性电源平稳有序建设，保障电力系统安全稳定运行，助力经济社会绿色发展。总体思路：适应新型电力系统和电力市场体系建设需要，更好统筹电力安全稳定供应、能源绿色低碳转型和资源经济高效配置，分类完善煤电、天然气发电、抽水蓄能、新型储能容量电价机制，优化电力市场机制；电力现货市场连续运行后，有序建立发电侧可靠容量补偿机制，对机组可靠容量根据顶峰能力按统一原则进行补偿，公平反映不同机组对电力系统顶峰贡献。提出分类完善容量电价机制、有序建立发电侧可靠容量补偿机制等方面具体措施。,https://www.ndrc.gov.cn/xxgk/zcfb/tz/202601/t20260130_1403524.html
《甘肃省零碳园区建设方案》,2026/1/30,区域地方级,甘肃,3.产业领域,,零碳园区,旨在加快推进甘肃省园区低碳化、零碳化建设，提高园区绿色能源供给比例，推动园区产业结构提质升级，建设园区低碳零碳基础设施，打造绿色低碳发展新高地，积极稳妥推进碳达峰碳中和。目标积极探索和逐步完善支撑各类园区实现低碳化、零碳化的规划设计、可行技术、可靠模式和管理规范。在“十四五”末，储备启动省级零碳园区建设，积极申报国家级零碳园区；到2027年，建成5个左右零碳（低碳）园区；到2030年，建成10个左右零碳（低碳）园区，争取建成国家级零碳园区；到2035年，全省一半以上园区基本完成低碳化改造，园区零碳化技术路径明确、规划体系健全、商业模式成熟、管理规范完善，零碳园区建设成为经济社会发展全面绿色转型的重要动力源和有力增长点，为全省碳中和目标实现发挥示范引领作用。同步发布《甘肃省零碳（低碳）园区建设验收基础条件》《甘肃省零碳（低碳）园区建设引导指标体系》。,https://fzgg.gansu.gov.cn/fzgg/tzgg/202601/174278867.shtml
《关于推动城市高质量发展的实施意见》,2026/2/8,区域地方级,福建,2.政策制度体系,2,高质量发展,旨在坚持城市内涵式发展，大力实施城市更新，建设创新、宜居、美丽、韧性、文明、智慧的福建特色现代化人民城市。提出坚持生态优先，推动城市绿色低碳转型，包括：推进生产领域节能降碳；践行绿色低碳生活方式；加强城市生态环境治理等。,https://www.fujian.gov.cn/zwgk/zxwj/szfwj/202602/t20260208_7090803.htm
《关于做好2026年全国碳排放权交易市场有关工作的通知》,2026/2/9,国家级,,2.政策制度体系,2.1 环境经济,碳排放权交易,旨在统筹做好2026年全国碳排放权交易市场管理工作，保障市场健康平稳有序运行。围绕重点排放单位管理、数据质量把控、配额分配清缴及其他重点行业管理等方面，提出具体工作要求，为高排放行业低碳转型提供清晰指引。提出将重点排放单位名录管理作为首要任务，延续“2.6万吨二氧化碳当量”准入标准，细化名录制定流程。省级生态环境主管部门需制定2027年度名录，将四大核心行业达标单位纳入全国碳市场管理，延续2025年“分年度分行业制定名录”思路，保障政策连续性。,https://www.mee.gov.cn/xxgk2018/xxgk/xxgk06/202602/t20260209_1143900.html
《全国统一电力市场体系的实施意见》,2026/2/11,国家级,,1.国家战略体系,,电力市场,旨在进一步深化电力体制改革，加快健全适应新型能源体系的市场和价格机制，完善全国统一电力市场体系，在全国范围内有效实现电力资源市场化配置。目标到2030年，基本建成全国统一电力市场体系，各类型电源和除保障性用户外的电力用户全部直接参与电力市场，市场化交易电量占全社会用电量的70%左右。到2035年，全面建成全国统一电力市场体系，市场功能进一步成熟完善，市场化交易电量占比稳中有升。提出推动电力资源在全国范围内优化配置、健全电力市场的各项功能、构建全国统一的电力市场制度体系等七大方面工19条措施。,https://www.gov.cn/zhengce/content/202602/content_7057744.htm
《云南省碳足迹管理体系建设工作方案》,2026/2/12,区域地方级,云南,2.政策制度体系,2,碳足迹管理,旨在贯彻落实国家及云南省碳达峰碳中和工作部署，加快建立碳足迹管理体系，促进绿色低碳供应链和生产生活方式转型，推动新质生产力发展，助力实现碳达峰碳中和目标。目标到2030年建立完善省级产品碳足迹管理体系。提出开展核算标准研制 、建立本地化数据库、推行产品核算认证等六大方面14条措施。,https://sthjt.yn.gov.cn/xxgk2020/zc/qtwj/202602/t20260212_244390.html
《关于进一步加快电网项目建设有关事宜的通知》,2026/2/13,区域地方级,内蒙古,4.能源领域,,新型电力系统,旨在进一步加快电网项目建设，推动建立内蒙古自治区新型电力系统，助力自治区经济社会高质量发展。提出简化土地手续办理、规范临时用地管理、强化电力通道保障等七方面工作，明确符合国家规定的国家和自治区级重大电网项目，因工期紧或受季节影响急需动工建设的可申请办理先行用地等。,https://www.nmg.gov.cn/zwgk/zfxxgk/zfxxgkml/202602/t20260225_2864627.html
《生态工业园区建设标准》HJ 274—2026,2026/2/28,国家级,,2.政策制度体系,2.2 标准体系,生态工业园区,旨在推动工业领域生态文明建设，规范生态工业园区的建设和运行。本标准规定了生态工业园区的评价方法、评价指标和数据采集与计算方法等内容。本标准首次发布于2006年，2015年第一次修订，本次为第二次修订。本次修订的主要内容：增加了基本要求；将指标分类修改为减污降碳、发展质效、创新驱动、生态引领四大类，评价指标分为必选指标和特色指标；在《国家生态工业示范园区标准》（HJ 274—2015）基础上，考虑分类分区指导，更新部分指标，修改部分指标限值。,https://www.mee.gov.cn/ywgz/fgbz/bz/bzwb/other/qt/202602/t20260228_1145104.shtml
《青海省关于促进光热发电规模化发展的若干措施》,2026/3/2,区域地方级,青海,4.能源领域,,"新能源,光热发电",旨在大力推动青海省光热发电规模化、园区化、市场化发展，力争到2030年，全省光热发电在建在运总规模达到800万千瓦、在运装机规模突破500万千瓦，打造“中国光热之都”。提出结合“十五五”全省电力缺口及调峰需求，省级能源主管部门会同价格主管部门分年分批开展独立光热优选工作，规模每年约100-200万千瓦；落实新能源上网电价市场化改革要求；完善支持光热发电参与电力市场规则机制等。,http://www.qinghai.gov.cn/xxgk/xxgk/fd/zfwj/202603/t20260303_394079.html
《关于促进光伏组件综合利用的指导意见》,2026/3/3,国家级,,4.能源领域,,"光伏,新能源","旨在提升光伏组件综合利用水平。目标到2027年，光伏组件绿色生产水平进一步提高，再生材料使用比例有效提升，组件报废评价标准和检验检测方法得到完善。表层结构拆解、层压件高效分离、组分提取等关键技术取得突破，废旧光伏组件综合利用产品在金属冶炼、装备制造、建材生产等重点领域的应用规模进一步扩大，制定一批光伏组件绿色设计和综合利用方面的技术标准，培育一批废旧光伏组件综合利用骨干企业，光伏组件综合利用量累计达到25万吨。到2030年，光伏组件综合利用技术装备水平进一步提升，产业创新发展能力明显增强，综合利用产品应用场景和应用方式不断拓展，形成产业链上下游协同紧密、产能布局合理、能够应对大规模退役潮的废旧光伏组件综合利用能力。包括推进光伏行业绿色设计和制造、推动光伏组件有序报废退役、推动绿色高效拆解利用等七方面内容。

",https://www.miit.gov.cn/zwgk/zcwj/wjfb/yj/art/2026/art_95cd611e3c664dfc96cd76ace1aa24d7.html
《关于印发湖北省碳普惠管理办法（试行）的通知》,2026/3/3,区域地方级,湖北,2.政策制度体系,2,碳普惠,旨在积极应对气候变化，全面落实绿色低碳发展理念，加快形成绿色低碳生产生活方式，规范湖北省碳普惠管理工作。碳普惠是指运用政策引导、商业激励和市场交易等方式，带动企事业单位、社会团体、其他社会组织及个人等各类主体广泛参与降碳增汇的正向引导机制。包括总则、碳普惠方法学管理、碳普惠减排量与碳积分管理、碳普惠减排量交易与消纳等六章21条。,https://sthjt.hubei.gov.cn/fbjd/zc/zcwj/sthjt/ehf/202603/t20260313_5892061.shtml
《关于做好2026年碳市场有关工作的通知》,2026/3/6,区域地方级,天津,2.政策制度体系,2.1 环境经济,碳市场,旨在落实天津市碳排放权交易市场建设部署，做好温室气体排放管理工作。提出确定温室气体排放单位名单：全市工业行业以及货运港口、水上货物运输、航空货物运输、机场等行业2025年度温室气体排放量达到1万吨二氧化碳当量（综合能源消费量约0.5万吨标准煤）及以上的企业，其中纳入本市碳排放权交易市场的温室气体重点排放单位254家，其他排放单位67家；加强数据质量管理；开展年度碳排放核查等内容。,https://sthj.tj.gov.cn/ZWGK4828/ZCWJ6738/sthjjwj/202603/t20260317_7263396.html
《中华人民共和国生态环境法典》,2026/3/13,国家级,,1.国家战略体系,,"法规,生态环境法典",旨在保护生态环境，防治污染和其他公害，保障公众健康和生态环境权益，维护生态安全，推动绿色低碳发展，建设生态文明，全面推进美丽中国建设。法典共5编1242条，包括总则、污染防治、生态保护、绿色低碳发展、法律责任和附则。整合了30多部法律、100余件行政法规及千余件地方性法规，系统覆盖生态环境治理全领域。将“绿色低碳发展”独立成编，明确碳达峰碳中和路径，建立碳排放总量控制等制度。确立排污许可制为核心监管制度，将固体废物零进口从“逐步实现”改为“强制实行”。将于2026年8月15日起施行。,https://www.mee.gov.cn/ywgz/fgbz/fl/202603/t20260313_1146496.shtml
《关于开展氢能综合应用试点工作的通知》,2026/3/16,国家级,,4.能源领域,,"氢能,新能源",旨在以多场景规模化应用带动成本降低，助力氢能技术装备创新突破，推动氢能产业高质量发展。目标到2030年，城市群氢能在多元领域实现规模化应用，终端用氢平均价格降至25元/千克以下，力争在部分优势地区降至15元/千克左右；全国燃料电池汽车保有量较2025年翻一番，力争达到10万辆。通过应用规模扩大，推动氢能应用技术、工艺、装备创新突破，实现燃料电池、电解槽、储运装置和材料等迭代升级，推动氢能成为新的经济增长点，支撑实现经济社会发展全面绿色转型。试点任务包括：燃料电池汽车、绿色氨醇、氢基化工原料替代等。,https://www.miit.gov.cn/zwgk/zcwj/wjfb/tz/art/2026/art_d2957277c4684eb59c0c0de01af59434.html
《废光伏设备回收处理污染控制技术规范》HJ 1463—2026,2026/3/16,国家级,,2.政策制度体系,2.2 标准体系,"光伏,回收处理",旨在防治废光伏设备回收处理过程的环境污染，保护生态环境，规范和指导废光伏设备回收处理过程的污染控制。规定了废光伏设备拆卸、收集、运输、贮存、拆解、综合利用和处置过程中污染控制技术要求。标准适用于废光伏设备回收处理全过程的污染控制，可作为废光伏设备综合利用相关建设项目环境影响评价的建厂选址、工程建设、运行管理、竣工环境保护验收、排污许可管理、清洁生产审核等技术依据。2026年3月1日实施。,https://sthjt.nx.gov.cn/zfxxgk/fdzdgknr/lzyj/bzgf/202603/t20260316_5193750.html
《宁夏回族自治区2026年度充电基础设施建设实施方案》,2026/3/18,区域地方级,宁夏,4.能源领域,,"充电基础设施,电动车",持续提升宁夏回族自治区充电基础设施服务保障能力，促进电动汽车更大范围内购置使用。目标到2026年底，全区新建公共充电枪不少于2500个，快充枪占比不低于60%，大功率充电枪不少于300个，基本建成城市面状、公路线状、乡村点状布局的公共充电网络等。重点任务包括：进一步完善充电基础设施网络布局、进一步提升电动重卡充电服务能力等。,https://fzggw.nx.gov.cn/zcgh/fgwwj/202603/t20260320_5199180.html
《2026年能源行业标准计划立项指南》,2026/3/19,国家级,,4.能源领域,,能源行业,旨在落实全国能源工作会议部署，围绕能源行业管理和产业发展需要，明确2026年能源行业标准立项重点方向和工作要求，持续完善能源行业标准体系，以标准支撑能源强国建设。立项重点包括紧密围绕构建新型能源体系工作任务，保障能源安全和绿色低碳转型，促进能源新技术、新产业、新业态发展，突出重点领域和关键技术要求，提出能源行业标准计划等。,https://www.nea.gov.cn/20260324/a3810b8d733c4972a67ef5891a17b8ea/c.html
《关于做好2026年本市碳排放单位管理和碳排放权交易有关工作的通知》,2026/3/19,区域地方级,北京,2.政策制度体系,2.1 环境经济,碳排放权交易,北京市碳市场依托北京市碳排放权交易管理平台，对碳排放报告、核查与检查工作实施统一管理。提出为鼓励碳排放单位消纳绿电，参与直接电力市场化交易的碳排放单位使用的电力碳排放据实核算，绿电碳排放核算为零，火电碳排放按照国家最新发布的化石能源电力碳排放因子核算。包括碳排放单位范围、报告与核查、碳排放量确认和配额核发等五部分内容。,https://www.beijing.gov.cn/zhengce/zhengcefagui/202603/t20260324_4564693.html
《节能装备高质量发展实施方案（2026—2028年）》,2026/3/20,国家级,,3.产业领域,,节能装备,旨在持续提升通用性强、用能量大、发展前景突出的节能装备能效水平，加强节能装备供给与应用。节能装备是指在生产、使用能源的各个环节中，采用先进技术设计和制造，可提高能源利用效率，减少能源消耗和损失的产品、设备。目标到2028年，节能装备关键材料、零部件取得突破，重点行业领域用能系统匹配性、实际运行效率持续提升，电机、变压器等节能装备能效水平达到国际领先。节能装备市场占有率进一步提高。推广一批先进适用节能装备更新改造系统解决方案，打造一批人工智能赋能节能装备应用场景，培育一批具有国际竞争力的节能装备骨干企业和产业集群。,https://www.miit.gov.cn/zwgk/zcwj/wjfb/tz/art/2026/art_a3250eaa656845149b12615070009204.html
《北京市关于推动碳捕集利用与封存产业培育壮大的若干措施》,2026/3/20,区域地方级,北京,3.产业领域,,CCUS,充分发挥北京市在科技创新方面的资源优势，培育发展碳捕集利用与封存（CCUS）产业。包括提升技术创新能力、完善产业培育体系等四部分内容，提出加大CCUS关键核心技术研发攻关、支持CCUS产业培育载体建设、支持CCUS技术装备推广应用等12条措施。,https://www.beijing.gov.cn/zhengce/zhengcefagui/202603/t20260324_4564707.html
《天津市电动汽车充电设施服务能力“质效双增”实施方案》,2026/3/23,区域地方级,天津,4.能源领域,,"充电基础设施,电动车",旨在加大力度完善天津市电动汽车充电设施服务网络，服务能力“质量”和“效能”双重提升，促进新能源汽车等大宗消费，助力新能源汽车产业高质量发展。目标到2027年底，在全市范围内建成超50万台充电设施，充电容量达到530万千瓦，满足超过100万辆电动汽车充电需求。包括公共充电设施提质升级行动、车网互动规模化应用推广行动、充电运营服务质量提升行动等七方面15条措施。,https://fzgg.tj.gov.cn/zwgk_47325/zcfg_47338/zcwjx/fgwj/202603/t20260323_7267626.html
《湖南省国民经济和社会发展第十五个五年规划纲要》,2026/3/26,区域地方级,湖南,2.政策制度体系,2,绿色低碳转型,旨在阐明湖南省经济社会发展战略，明确政府工作重点，引导规范社会主体行为，是“十五五”时期我省推进社会主义现代化建设的宏伟蓝图，是湖南省人民共同的行动纲领。提出推进经济社会发展全面绿色转型 加快建设美丽湖南等17篇内容，包括实施碳排放总量和强度双控制度、推动重点领域绿色转型、健全绿色发展政策体系等具体措施。,https://www.hunan.gov.cn/hnszf/xxgk/wjk/szfwj/202604/t20260412_33952633.html
《关于组织开展零碳园区培育建设的通知》,2026/3/26,区域地方级,天津,3.产业领域,,零碳园区,旨在有计划、分步骤推进天津市各类园区低碳化零碳化改造，助力园区和企业减碳增效。目标分阶段到2030年，建成2个以上国家级零碳园区，培育一批特色鲜明、示范性强的市级零碳园区，全市各类园区低碳化水平显著提升，零碳园区建设成为驱动产业转型升级、赋能区域高质量发展的绿色引擎，为全市实现碳达峰碳中和目标提供有力支撑。,https://fzgg.tj.gov.cn/xxfb/tzggx/202603/t20260326_7270496.html
《关于促进特种设备安全与节能科技创新发展的指导意见》,2026/3/27,国家级,,3.产业领域,,"产业领域,节能降碳",旨在完善特种设备科技创新体系，全链条推动关键核心技术攻关。目标到2030年，围绕特种设备全生命周期安全保障能力，构建“现代设计—先进制造—智能运维”的技术体系，突破影响特种设备安全与节能的重大工程难题与疑难技术问题等。提出研发特种设备先进与绿色制造技术、加快突破新能源与绿色低碳特种设备安全技术等内容。,https://www.samr.gov.cn/zw/zfxxgk/fdzdgknr/tzsbs/art/2026/art_9b44b2123b0241b9a0d46f953add65ec.html
《关于推动城市高质量发展的实施意见》,2026/3/27,区域地方级,云南,2.政策制度体系,2,高质量发展,旨在统筹推动云南省城市高质量发展。目标到2030年，城市体系更加协调，人居品质明显提升，治理水平大幅提高，全省城市发展迈上新台阶。到2035年，具有边疆民族地区特点的现代化人民城市基本建成。提出优化城市体系，激活城市发展潜力；加强规划设计，彰显美丽城市特色风貌；做优城市建设，筑牢宜居韧性城市基础等方面内容。,https://www.yn.gov.cn/zwgk/zcwj/swwj/202603/t20260327_325350.html
《关于培育建设零碳园区的意见》,2026/3/30,区域地方级,甘肃,3.产业领域,,零碳园区,旨在加快培育建设一批零碳园区，促进经济社会发展全面绿色转型，推动甘肃省实现风光资源大省向低碳供能用能强省转变。主要目标是：到2027年，全省零碳园区培育建设体系基本建立，初步形成能源供给源头低碳、产业转型过程降碳、生态优化末端固碳的可复制、可推广建设路径。到2030年，力争建成2个及以上国家级零碳园区，建成10个左右省级零碳园区，全面推动省级及以上重点工业园区低碳化改造，园区用能绿色化水平明显提升，核心优势产业碳排放强度达到国内先进水平。包括全力建成首批国家级零碳园区、梯度培育更多国家级零碳园区等内容。,https://www.gansu.gov.cn/gsszf/c100055/202603/174309783.shtml
《关于进一步加强电动自行车锂离子电池回收利用体系建设的通知》,2026/4/3,国家级,,3.产业领域,,"电池回收利用,电动自行车,锂离子电池",旨在进一步发挥供销合作社再生资源回收利用网络作用，推动电动自行车锂离子电池（以下简称锂电池）规范高效回收利用。包括发挥供销合作社再生资源回收利用网络作用：各地要发挥供销合作社企业等各类经营主体参与的以回收点、中转站、分拣中心为支撑的三级回收体系作用；强化再生资源回收利用行业龙头企业作用；支持运用数字化技术做好锂电池信息流向监测等内容。,https://www.miit.gov.cn/zwgk/zcwj/wjfb/tz/art/2026/art_00ca5710df374b6f962d881194bc5e9d.html
《山西省国民经济和社会发展第十五个五年规划纲要》,2026/4/3,区域地方级,山西,4.能源领域,,能源转型,旨在阐明山西省发展战略，明确政府工作重点，引导规范社会主体行为，是“十五五”时期党委领导经济社会发展、政府履行职责的重要依据，是山西省人民共同的行动指南。包括推动能源转型 建设能源强省、加快经济社会发展全面绿色转型 建设美丽山西等十七章内容，提到构建能源供给、消费、创新体系、促进新型能源体系和现代化产业体系深度融合、积极稳妥推进和实现碳达峰、加快形成绿色生产生活方式等七十项具体措施。,https://www.shanxi.gov.cn/zcwjk/szfwj/202604/t20260413_10102924_wjkDetail.shtml
《宁夏回族自治区国民经济和社会发展第十五个五年规划纲要》,2026/4/3,区域地方级,宁夏,4.能源领域,,"新能源,新型电力系统",旨在阐明自治区党委战略部署，明确政府工作重点，引导规范社会主体行为，是 “十五五”时期加快建设美丽新宁夏、奋力谱写中国式现代化宁夏篇章的宏伟蓝图。提出加快构建新型能源体系 高水平建设国家新能源综合示范区等16篇内容，包括推进新能源高效协同发展、促进电力系统优化升级、增强能源绿色转型动力等措施。,https://www.nx.gov.cn/zwgk/qzfwj/202604/t20260414_5216660.html
《北京市国民经济和社会发展第十五个五年规划纲要》,2026/4/8,区域地方级,北京,2.政策制度体系,2,"新型电力系统,碳市场","绿色发展是高质量发展的鲜明底色。""十五五""时期,牢固树立和践行绿水青山就是金山银山的理念,协同推进降碳、减污、扩绿、增长，全面提升生态环境质量,加快实现生产生活方式绿色变革。目标到2030年，人与自然和谐共生的美丽北京更加可感可及，为全球生态文明建设贡献北京智慧。第十三篇加快绿色转型，全面建设美丽北京包括着力构建新型能源体系、积极稳妥推进碳达峰碳中和、提升生态文明治理等五章内容，促进新型电力系统灵活高效、建立健全碳排放基础制度、推动生产生活方式绿色转型等15项具体措施。",https://www.beijing.gov.cn/zhengce/zhengcefagui/202604/t20260407_4576089.html
《进一步鼓励新能源建筑垃圾 运输车辆推广使用的通知》,2026/4/8,区域地方级,天津,4.能源领域,,"交通领域,新能源",旨在因地制宜、安全高效、有序推进天津市建筑垃圾运输领域绿色低碳发展，统筹多元保障，多措并举加强车辆规范化、清洁化、智能化管理。对符合国家及天津市技术规范并纳入道路运输车辆达标车型目录，用于建筑垃圾密闭运输的纯电动、氢燃料电池等新能源重型自卸货车与专用运输车辆，提出优化备案服务、优化通行管理、规范技术标准、加大资金支持等7项鼓励支持措施。,https://sthj.tj.gov.cn/ZWGK4828/ZCWJ6738/sthjjwj/202604/t20260408_7278132.html
《广西推进美丽城市建设实施方案》,2026/4/9,区域地方级,广西,2.政策制度体系,2,"绿色低碳转型,气候韧性",旨在推动建设绿色低碳、环境优美、生态宜居、安全健康、智慧高效的美丽城市。目标到2027年，重点支持5个左右城市先行开展美丽城市建设，力争推动1—2个城市成为全国美丽城市示范标杆；到2030年，争取9个左右美丽城市建设取得标志性成果；到2035年，形成智慧高效、多元共治的城市生态环境治理体系，美丽城市建设实现全覆盖。提出加快城市绿色低碳转型发展、打造健康安全可靠的韧性城市等8项内容共30项具体措施。,http://sthjt.gxzf.gov.cn/zfxxgk/zfxxgkgl/fdzdgknr/hbzw/gwtz/t27423888.shtml
《陕西省国民经济和社会发展第十五个五年规划纲要》,2026/4/13,区域地方级,陕西,4.能源领域,,"新能源,绿色交通","旨在阐明""十五五""时期陕西省发展的战略目标和重点任务，明确政府工作重点，引导规范经营主体行为，是指导和推动陕西省高质量发展的纲领性文件，也是谱写陕西新篇、争做西部示范的施工图和路线图。包括加快提升生态文明建设水平 破立并举建设美丽陕西等十三篇内容，提到促进能源消费绿色转型、引导产业绿色转型、推广绿色低碳交通运输方式、加快市政建筑领域绿色低碳转型等具体措施。",https://www.shaanxi.gov.cn/zfxxgk/fdzdgknr/zcwj/nszfwj/szf/202604/t20260413_3629154.html
《江西省有序推动绿电直连发展实施方案》,2026/4/15,区域地方级,江西,4.能源领域,,"绿电,新能源",绿电直连项目通过直连线路向单一电力用户供给绿电，以满足企业绿色用能需求、提升新能源就近就地消纳水平为目标。包括总体要求、项目类型、实施要求、实施程序、保障措施五个方面。实施要求中提到出做好源荷匹配，并网型项目整体新能源年自发自用电量占总可用发电量的比例应不低于60%，占总用电量的比例应不低于30%、2030年前不低于35%，上网电量占总可用发电量的比例上限不超过20%等。,https://drc.jiangxi.gov.cn/jxsfzhggwyh/col/col4990/content/content_2044376862730813440.html
《西藏自治区关于进一步推动 开发区(园区)高质量发展的若干措施》,2026/4/15,区域地方级,西藏,3.产业领域,,"电力市场,零碳园区","旨在加快推进西藏自治区园区建设提档升级、提质增效,推动园区管理制度改革和发展模式创新。争到2030年底园区生产总值占自治区地区生产总值比重显著提高等。提出推动低碳绿色发展：支持符合条件的园区创建国家级、自治区级绿色工业园区。推进自治区级及以上园区电力市场化改革，落实绿电直连、源网荷储一体化发展和绿电交易试点，逐步提升绿电比例,支持配建新型储能设施和""园中园""形式的零碳园区。鼓励发展""以绿制绿""新业态,探索绿色氢氨醇等未来能源应用等。",https://www.xizang.gov.cn/zwgk/xxfb/zbwj/202604/t20260421_536012.html
《上海市2026年碳达峰碳中和及节能减排重点工作安排》,2026/4/16,区域地方级,上海,2.政策制度体系,2,节能降碳,旨在积极稳妥推进碳达峰碳中和，加快经济社会发展全面绿色转型，全面建设碳排放总量和强度双控制度，为“十五五”开好局起好步。包括不断完善碳达峰碳中和综合管理体系、持续推动节能降碳增效、加快推进能源绿色低碳转型、工业通信业、建筑、建筑领域低碳升级、持续巩固提升碳汇能力等14项内容。并附有2026年碳达峰碳中和及节能减排重点工作任务和分工表。,https://fgw.sh.gov.cn/fgw_zyjyhhjbh/20260416/28bc161eae9049b9853ea0e5c6b7305f.html
《青海省省级零碳园区建设方案》,2026/4/16,区域地方级,青海,3.产业领域,,零碳园区,旨在积极稳妥推进碳达峰碳中和，支持青海省有条件的地区开展零碳园区建设，加快推动园区和企业低碳化、零碳化改造。目标到2030年，力争建成5-6个省级零碳园区，园区零碳建设模式基本成熟、零碳发展长效机制更加完善、零碳负碳技术取得突破，形成一批可复制可推广的经验等。提出促进园区能源供给绿色转型、持续提高绿色能源利用水平、支持创建低碳零碳标准等建设任务。,http://fgw.qinghai.gov.cn/zfxxgk/sdzdgknr/fgwwj/202604/t20260420_91481.html
《工业产品绿色设计指南（2026年版）》,2026/4/17,国家级,,3.产业领域,,工业领域,旨在从源头设计阶段减少或控制全生命周期的资源消耗和环境影响，更好地指导工业产品绿色设计，推行绿色制造，协同推进降碳减污扩绿增长。《指南》适应国内外绿色低碳发展形势新变化新要求，凝聚行业绿色设计共识，明确了11个重点方向，包括节能设计、节水设计、节材设计、易回收再生设计、可重复使用设计、零碳设计等。并以15个重点行业为典型示例，细化形成126个解决方案，指导产品研发人员践行绿色设计理念和方法。,https://www.miit.gov.cn/zwgk/zcwj/wjfb/tz/art/2026/art_0e02aa4c9dfe40c0ae322af3c185eed6.html
《关于推进服务业扩能提质的意见》,2026/4/21,国家级,,3.产业领域,,"节能降碳,回收利用",旨在推进服务业扩能提质，促进服务业优质高效发展，更好发挥服务业支撑产业升级、满足民生需要、带动就业扩容的作用。目标到2030年，服务业高质量发展取得明显进展，服务业总规模迈上100万亿元台阶等。共五章20条内容，提出积极发展节能环保服务：推进重点行业能效诊断，推广公共机构能源费用托管服务模式，开展公共机构和大型公共建筑节能降碳改造；开展农业绿色高产高效技术服务、农业废弃物处理利用服务；完善再生资源回收网点布局，支持重点行业发展再制造服务等。,https://www.gov.cn/zhengce/content/202604/content_7066483.htm
《关于更高水平更高质量做好节能降碳工作的意见》,2026/4/22,国家级,,1.国家战略体系,,"节能降碳,绿色转型",节能降碳是推进碳达峰碳中和、加快发展方式绿色转型的重要抓手，是维护国家能源安全、促进产业提质升级的重要支撑。《意见》从协同推进节能降碳与绿色转型、大力推进重点领域节能降碳、进一步加强节能降碳监督管理、强化节能降碳工作支撑保障等方面作出部署。提出统筹节能降碳与能源绿色转型、统筹节能降碳与产业优化升级，强化工业节能降碳、加强建筑节能降碳、推进交通运输节能降碳等18项具体措施。,https://www.gov.cn/yaowen/liebiao/202604/content_7066615.htm
《碳达峰碳中和综合评价考核办法》,2026/4/23,国家级,,1.国家战略体系,,"碳排放评价,碳排放权交易",旨在发挥碳达峰碳中和的战略牵引作用，加快构建碳排放总量和强度双控制度体系，推动地方党委和政府树立和践行正确政绩观、坚决扛起碳达峰碳中和责任，制定本《办法》。包括总则，评价考核内容、程序、结果运用等六章共25条内容。控制指标包括碳排放总量、碳排放强度降低、煤炭消费总量、石油消费总量、非化石能源消费占比等指标；支撑指标包括节能、工业、城乡建设、交通运输、公共机构、碳排放权交易等领域具有代表性且对碳达峰碳中和具有支撑作用的指标。,https://www.gov.cn/yaowen/liebiao/202604/content_7066694.htm
《关于组织开展2026年度工业节能降碳诊断服务工作的通知》,2026/4/23,国家级,,3.产业领域,,"节能降碳,碳足迹核算",旨在积极推行“诊断+咨询”服务工作体系，进一步提升工业节能降碳诊断服务水平，推动重点行业领域节能降碳。工作任务包括重点行业领域企业节能降碳诊断、重点工业产品设备节能降碳诊断等两项。其中，重点行业领域企业节能降碳诊断将聚焦钢铁、电解铝、水泥等重点行业领域，对重点企业统筹开展节能降碳诊断和碳排放核算服务，并根据诊断和核算结果，制定节能降碳改造具体方案等；重点工业产品设备节能降碳诊断将依据已发布的产品碳足迹相关国家标准、行业标准及推荐性团体标准，对相关产业链上下游重点企业开展产品碳足迹核算服务，出具产品碳足迹核算报告，并对其开展重点用能产品设备能效诊断服务等节能降碳改造建议。,https://wap.miit.gov.cn/jgsj/jns/wjfb/art/2026/art_ea1ce0a849da4d1e8000ddf8734b15f5.html
《关于加强河南省碳计量中心建设的实施意见》,2026/4/23,区域地方级,河南,2.政策制度体系,2,"碳足迹,碳交易",旨在通过精准计量、科学数据、技术服务，推动重点行业由传统的“碳核算”向精准的“碳计量”转变，为河南省碳排放统计核算、碳交易、碳足迹认证等提供坚实技术支撑。提出聚焦钢铁、有色、化工、电力、交通等重点领域，统筹布局建设一批省级碳计量中心，围绕碳计量技术研究、量传溯源能力提升、碳计量数据应用、碳计量监管支撑、碳计量技术服务、碳计量人才培养等六大重点任务，系统推进碳计量体系建设，着力打造“可测量、可报告、可核查”的碳计量能力等。,https://scjg.henan.gov.cn/2026/04-23/3345174.html
《广东省新型储能电站建设运行管理办法》,2026/4/24,区域地方级,广东,4.能源领域,,新型储能,旨在规范新型储能电站规划、建设和运行，促进新型储能电站有序、安全、健康发展，支撑构建新型电力系统，促进广东省新型储能产业高质量发展。包括总则、规划引导、项目备案等九章共37条内容。自发布之日起30日后实施，自实施之日起有效期3年。,https://drc.gd.gov.cn/gfxwj5633/content/post_4889387.html
《江苏省公共建筑用能和碳排放限额指南（试行）》,2026/4/27,区域地方级,江苏,6.建筑领域,,"碳排放评价,建筑行业",旨在指导各地开展公共建筑用能和碳排放管理工作，提升江苏省公共建筑节能降碳水平。包括总则、术语、计算方法和能耗和碳排放限额指标、附录等内容。涵盖办公、学校、医院、旅馆、商场五大公共建筑用能，明确约束值/基准值/引导值三级指标，并附有主要能源的折标煤系数和碳排放因子(参考值)。,https://jsszfhcxjst.jiangsu.gov.cn/art/2026/4/27/art_49384_11763265.html
《山西省加快能源绿色低碳转型发展实施方案》,2026/4/27,区域地方级,山西,4.能源领域,,"绿色低碳转型,新型电力系统",旨在推动山西省能源绿色低碳转型发展和新型能源体系建设，促进山西省经济社会高质量发展。包括加强化石能源清洁高效开发利用、加快建设新型电力系统、加快培育绿色能源消费体系、创新能源绿色低碳发展政策机制、保障措施等五大方向，以及加快推动煤炭清洁运输、加快推进煤电转型升级、大力推动新能源就地就近消纳等共21条具体措施。,https://www.shanxi.gov.cn/zcwjk/bgtwj/202604/t20260427_10111833_wjkDetail.shtml
《上海市碳普惠减排项目方法学 市政道路和公路功能照明智能调光（SHCER01010042026I）》,2026/4/27,区域地方级,上海,2.政策制度体系,2.2 标准体系,碳普惠,旨在鼓励市政道路和公路功能照明运营单位充分利用智能调光技术，实现照明系统的精细化管理和优化运行。适用于上海市市政道路和公路功能照明系统中，在满足路面照明标准的前提下，在LED灯具上加装路灯智能单灯控制器，通过照明管理平台智能调节灯具亮度的项目。,https://sthj.sh.gov.cn/hbzhywpt2025/20260427/ba455111be5344adacc6fb334b7da3fe.html
《广西壮族自治区国民经济和社会发展第十五个五年规划纲要》,2026/4/27,区域地方级,广西,2.政策制度体系,2,"绿色低碳转型,绿色经济",旨在阐明广西壮族自治区发展战略意图，明确政府工作重点，引导规范社会主体行为，是“十五五”时期经济社会发展的宏伟蓝图，是全区各族人民共同的行动纲领。共18篇66章内容，第十三篇加快经济社会发展全面绿色转型，建设美丽广西中提出全面实施碳排放双控新机制、推动重点领域绿色低碳转型、提升应对气候变化能力等具体措施。,http://www.gxzf.gov.cn/zfwj/zxwj/t27502753.shtml
《工业场景数据要素应用参考指引》,2026/4/28,国家级,,3.产业领域,,"工业领域,碳排放核算",旨在引导企业以场景应用为牵引，探索工业数据“采”“集”“用”有效路径，加快推进工业数据开发利用，促进数据要素赋能新型工业化。围绕研发设计、生产制造、经营管理等关键环节，凝练出23个场景。提出碳资源全生命周期管理，构建“管碳—算碳—降碳”一体化碳管理体系，推动碳排放准确核算、实时监测，降低单位产值碳排放量等。,https://www.miit.gov.cn/zwgk/zcwj/wjfb/tz/art/2026/art_2798abfa97f0464984757431fcef27ca.html
《广东省国民经济和社会发展第十五个五年规划纲要》,2026/4/28,区域地方级,广东,2.政策制度体系,2,节能降碳,"旨在阐明""十五五""时期广东省经济社会发展战略，明确政府工作重点，是未来五年广东经济社会发展的宏伟蓝图和广东省人民共同的行动纲领。共21章内容，第十三章深入推进绿美广东生态建设 打造人与自然和谐共生的美丽广东样板中提出推动重点行业领域节能降碳、推进煤炭消费清洁替代、建设零碳园区和零碳运输走廊等具体措施。",https://www.gd.gov.cn/zwgk/wjk/qbwj/yf/content/post_4890249.html
《黑龙江省电力现货市场运营实施细则（试行3.0版）》,2026/4/28,区域地方级,黑龙江,4.能源领域,,"电力市场,新能源",旨在规范黑龙江省电力市场交易，保障各类经营主体合理的利益。本次修订将市场运营的基本规则与现货市场的具体实施细则融为一体，形成一部全面、系统的操作规范。系统性地明确了市场成员、价格形成机制、各类市场间的衔接方式，以及现货电能量市场、调频市场的具体运行与结算规则等。现货电能量市场方面，明确了参与现货市场的技术、信用和注册条件，细化了各类发电机组、新能源场站的具体参与方式与申报要求等。,https://drc.hlj.gov.cn/drc/c111444/202604/c00_31936234.shtml
《甘肃省固定资产投资项目节能审查和碳排放评价实施办法》,2026/4/29,区域地方级,甘肃,2.政策制度体系,2.6 监督执法,"碳排放评价,节能审查",本实施办法适用于甘肃省各级人民政府投资主管部门管理的在甘肃省行政区域内建设的固定资产投资项目，包括新建、改建、扩建和技术改造等项目。项目碳排放评价结果纳入项目节能审查意见。包括总则、管理职责、审查程序、监督管理等六章共26条内容。,https://fzgg.gansu.gov.cn/fzgg/tzgg/202604/174325991.shtml
《浙江省固定资产投资项目节能审查验收实施办法（试行）》,2026/4/30,区域地方级,浙江,2.政策制度体系,2.6 监督执法,"碳排放评价,节能审查",旨在规范浙江省固定资产投资项目节能审查验收工作，强化节能审查闭环管理。明确节能审查验收内容及相关要求，提到对项目节能审查意见和节能报告落实情况进行验收，验收内容包括建设方案、用能设备、节能降碳措施、能源计量器具配备、能耗（煤炭）平衡方案、其他内容等。,http://btgxj.xjbt.gov.cn/c/2026-05-08/8483284.shtml
《美丽中国建设成效考核办法》,2026/5/7,国家级,,1.国家战略体系,,美丽中国,为全面推进美丽中国建设，推动绿色低碳发展，实现生态环境质量的全面改善。考核聚焦美丽中国建设关键领域和重点任务，设置美丽中国建设责任落实情况、美丽中国建设年度主要目标完成情况、美丽中国建设年度重点任务完成情况、资金使用绩效情况、群众满意程度五个方面考核内容。,https://www.mee.gov.cn/zcwj/zyygwj/202605/t20260507_1151208.shtml
《关于促进人工智能与能源双向赋能的行动方案》,2026/5/8,国家级,,4.能源领域,,人工智能,为强化能源对人工智能发展的基础支撑作用，发挥人工智能对能源转型的叠加倍增效应，提出分阶段到2030年，人工智能算力设施清洁能源供给保障能力及能源领域人工智能关键技术研发应用达到世界领先水平等目标。从提升绿电占比、加强节能降碳管理、完善绿电直连政策等方面加快推进。,https://www.nea.gov.cn/20260508/4dae97ca01d348e4871bb8654be34b3a/c.html
《工业和信息化部办公厅关于组织开展2026年度工业节能监察工作的通知》,2026/5/8,国家级,,2.政策制度体系,2.6 监督执法,"节能降碳,碳足迹",围绕加强节能降碳全过程监管、推进工业绿色低碳发展，文件提出开展重点行业领域、重点产业链及重点用能设备能效监察等工作任务。文件明确，对工业节能监察中发现存在不合理用能、能源管理基础薄弱的企业，督促其加快实施节能降碳改造，并探索将监察结果应用于企业碳排放和产品碳足迹核算管理等方面。,https://wap.miit.gov.cn/jgsj/jns/wjfb/art/2026/art_8ba0a6ce6f2a411eb06f91d5f69f70d8.html
《兵团绿色制造体系建设管理办法》,2026/5/8,区域地方级,新疆,3.产业领域,,绿色工厂,为实施绿色制造标杆升级行动、加快构建绿色制造和服务体系，文件提出发挥绿色工厂在制造业绿色低碳转型中的基础性作用，建立规范化、长效化培育机制。文件共6章25条，重点明确绿色工厂、绿色工业园区和绿色供应链管理企业培育标准，推动绿色化改造升级。,http://btgxj.xjbt.gov.cn/c/2026-05-08/8483284.shtml
《北京市建设项目可再生能源开发利用全过程监督检查和监测评估办法（试行）》,2026/5/9,区域地方级,北京,4.能源领域,,可再生能源,本办法旨在规范北京市建设项目可再生能源开发利用全过程监督管理，提升可再生能源开发利用水平，促进绿色低碳转型和可持续发展。适用于建设项目立项、设计、施工、监理及维护管理等环节，对可再生能源开发利用要求落实情况开展监督检查和监测评估。,https://www.beijing.gov.cn/zhengce/zhengcefagui/202605/t20260511_4645774.html
《美丽四川绿色金融项目储备指南》,2026/5/11,区域地方级,四川,2.政策制度体系,2.1 环境经济,绿色金融,旨在发挥绿色金融牵引作用，服务美丽四川建设，建立绿色金融项目储备库。支持范围涵盖绿色低碳发展、绿色服务供给等五大领域。项目库实行“成熟一个、申报一个”，由市（州）生态环境局组织线上申报，重点明确建设内容、融资需求及预期生态环境效益。生态环境厅将组织项目筛选入库，并推动金融机构加大绿色金融支持力度。,https://sthjt.sc.gov.cn/sthjt/c23101802/2026/5/11/50a31da0ebec476498fb84a0bf653e23.shtml
《江西省国民经济和社会发展第十五个五年规划纲要》,2026/5/12,区域地方级,江西,2.政策制度体系,2,"节能降碳,新型能源体系",《纲要》系统全面部署了“十五五”时期江西省产业创新、扩大内需、协调发展、美丽江西等全方位各领域重点任务。在建设新型能源体系方面提出提升传统能源兜底保障能力、积极有序发展可再生能源、完善能源输送网络等；在高标准建设美丽江西方面提出实施碳排放总量和强度双控制度、推动重点领域节能降碳、绿色生产生活方式等重点任务。,https://www.jiangxi.gov.cn/jxsrmzf/gmjj/pc/content/content_2046038523652931584.html
《重庆市加快场景培育和开放推动新场景大规模应用行动方案》,2026/5/13,区域地方级,重庆,3.产业领域,,"节能降碳,绿电直连",为加快培育发展新质生产力，方案提出每年打造20个具有重庆特色的综合性重大场景，并举办百场供需对接活动，开放千项场景机会等。重点聚焦数字经济、人工智能、清洁能源等领域，推进绿电直连、氢能低碳转型及成渝“氢走廊”等应用场景建设。方案有效期至2028年12月31日。,https://www.cq.gov.cn/zwgk/zfxxgkml/szfwj/xzgfxwj/szfbgt/202605/t20260513_15672609.html
《新型储能电站建设工程质量监督大纲》,2026/5/14,国家级,,4.能源领域,,新型储能,“十四五”以来，我国新型储能加快迈向规模化商业应用。该政策旨在规范新型储能工程质量监督管理，并结合近年来储能工程监督实践，围绕质量管控薄弱环节，建立通用与专用相结合的监督体系。重点适用于100兆瓦及以上电化学储能和压缩空气储能电站建设工程，同时结合行业标准与工程经验完善监督条款。,https://www.nea.gov.cn/20260514/ded62aeb85294f51ab9597405dcd3449/c.html
《辽宁省国民经济和社会发展第十五个五年规划纲要》,2026/5/15,区域地方级,辽宁,2.政策制度体系,2,"绿色低碳转型,新型电力系统","“十五五”时期要打造具有辽宁特色的风光火核储一体化能源基地，塑造清洁能源新优势，逐步建立以非化石能源为供应主体、化石能源为兜底保障、新型电力系统为关键支撑、绿色智慧节约为用能导向的清洁低碳安全高效的""六新合一""新型能源体系。包括提高清洁能源装机比重、实现源网荷储良性互动、推动能源消费绿色节能、促进清洁能源科学消纳等重点任务。",https://www.ln.gov.cn/web/zwgkx/zfwj/szfwj/2026n/2026051817354546150/index.shtml
《钢铁行业产能置换实施办法》,2026/5/18,国家级,,3.产业领域,,"钢铁行业,氢冶金",钢铁产能置换政策是推进钢铁行业供给侧结构性改革、巩固提升去产能成果的重要措施。为加快促进钢铁行业减量提质，《置换办法》在提高置换比例、逐步取消不同企业间产能置换、规范不锈钢企业设备建设、支持高端化、绿色化发展等七方面进行了修订。,https://wap.miit.gov.cn/jgsj/ycls/wjfb/art/2026/art_2523e7d1c690437196c79484fa868a60.html
《加快发展非烟非能工业行动方案》,2026/5/18,区域地方级,云南,3.产业领域,,"新能源,零碳园区",为加快发展非烟非能工业，推动云南省制造业持续稳定增长。提到加快绿色低碳技术推广运用，推进零碳园区建设，发展绿色制造等。“十五五”时期州（市）非烟非能工业发展重点方向包括新能源电池、绿色铝、钛、铜、钒、硅光伏产业、新能源装备等。,https://www.yn.gov.cn/zwgk/zcwj/zxwj/202605/t20260518_326858.html
《关于有序推动多用户绿电直连发展有关事项的通知》,2026/5/20,国家级,,4.能源领域,,"电力消纳,零碳园区,绿电直连",为进一步解决新能源就近就地消纳问题，文件对适用范围、规划投资与建设等方面进行了明确规定。政策重点支持工业园区、零碳园区、增量配电网以及算力设施、绿色氢氨醇等新兴产业开展绿电直连，并对运行管理、交易与价格机制、绿电溯源及组织保障等方面作出具体规定。,https://www.nea.gov.cn/20260520/9e1c4277ce324c8ab82a84da98da7980/c.html
《推进生态综合补偿实施方案》,2026/5/22,国家级,,2.政策制度体系,2.1 环境经济,"绿色金融,碳市场",目标到2030年，生态综合补偿机制更加完善，重点区域绿色可持续发展能力持续增强，为加快经济社会发展全面绿色转型、建设美丽中国提供有力保障。提出健全资源环境要素市场化配置体系：推进碳排放权、用水权、排污权、碳汇权益等市场化交易。开发与资源环境要素相关的绿色信贷、绿色保险、绿色债券等金融产品和服务等。,https://www.ndrc.gov.cn/xxgk/zcfb/tz/202605/t20260522_1405365.html
《关于印发河南省推进数字经济高质量发展若干政策措施的通知》,2026/5/23,区域地方级,河南,4.能源领域,,"可再生能源,绿电",为深入推进数字（智）河南建设，加快发展以数据为关键要素的数字经济，全方位打造数智强省。提出推动算力设施提速发展：支持具备条件的算力设施实施源网荷储一体化建设，就地就近开发利用太阳能、风能、生物质能等可再生能源，鼓励开展绿色电力证书、绿色电力交易，全面提升算力设施绿色能源利用水平等。,https://www.henan.gov.cn/2026/05-23/3357553.html
《河南省国民经济和社会发展第十五个五年规划纲要》,2026/5/25,区域地方级,河南,2.政策制度体系,2,"清洁能源,循环经济",“十五五”时期生态安全屏障更加牢固，美丽河南建设取得重大进展。提出碳排放强度持续下降，清洁低碳安全高效的新型能源体系初步建成，重点行业能源利用效率达到国内先进水平等目标。包括深入开展节能降碳和控煤减煤，力争“十五五”末年度清洁能源电量覆盖新增全社会用电量，推动实现煤炭和石油消费达峰等具体措施。,https://www.hnswjrb.gov.cn/2026/05-25/3645819.html
《2026年汽车标准化工作要点》,2026/5/26,国家级,,5.交通领域,,"电动汽车,零碳工厂",为进一步健全汽车标准体系，提升标准供给质量，深化标准国际合作，以高水平标准促进高质量发展。提出引领行业绿色低碳转型：聚焦新能源汽车安全、性能与兼容等关键领域，持续推动汽车节能标准迭代升级，全面落实面向2030年能耗限值标准要求。加快汽车产品碳足迹核算、核查等相关标准研制，持续推动零碳工厂建设等。,https://wap.miit.gov.cn/jgsj/zbys/qcgy/art/2026/art_623cea38ff2c41a4a2f4a72899128c69.html
《上海市人民政府关于推进服务业扩能提质的实施意见》,2026/5/27,区域地方级,上海,3.产业领域,,"碳足迹,零碳园区",目标到2030年，服务业增加值达6万亿元左右，服务进出口额突破3000亿美元。提出加快绿色低碳服务创新发展：聚焦碳核算及碳数据平台、涉碳类认证等重点领域，培育壮大一批技术服务商、交易商与综合服务商；加快建立产品碳足迹管理体系，构建全链条绿色低碳供应链体系；推动上海碳市场深化改革、推进零碳园区建设等。,https://www.shanghai.gov.cn/gwk/search/content/5da1b7004eab483186d16dedb31cf013
《城市更新“十五五”规划》,2026/5/28,国家级,,2.政策制度体系,2,绿色建材,目标到2035年，城市更新体制机制更加完善，城市结构优化、动能转换、品质提升、绿色转型、文脉赓续、治理增效取得显著成效等。在推动城市发展绿色低碳转型方面，提出大力发展绿色建筑，推动超低能耗建筑、低碳建筑规模化发展。建立建筑能效等级制度，持续推进绿色建材评价认证等具体内容。,https://www.gov.cn/zhengce/content/202605/content_7070539.htm
《中共北京市委 北京市人民政府关于推动城市高质量发展的实施意见》,2026/5/28,区域地方级,北京,2.政策制度体系,2,"零碳园区,碳市场",为加快推进城市高质量发展，推动首都现代化建设。目标分阶段到2035年，国际一流的和谐宜居之都初步建成。提出全面践行人民城市理念，打造宜居美丽生活空间：建设全域“无废城市”，大力发展循环经济；实施碳排放总量和强度双控，深化碳市场建设；大力发展绿色建筑，建设零碳厂区园区社区城区等。,https://www.beijing.gov.cn/zhengce/zhengcefagui/202605/t20260528_4669598.html
《非化石能源电力消费核算指南（试行）》,2026/6/1,国家级,,2.政策制度体系,2.5 统计核算,"可再生能源,碳排放核算",旨在推动完善碳排放统计核算体系，指导非化石能源电力消费核算工作，支撑电力消费间接碳排放核算，促进电能量交易、绿证交易、碳排放核算等不同政策机制有效衔接。《指南》明确了物理、交易、分摊三类认定每千瓦时非化石能源电力消费的归属方法；以及省级、地市和电力用户非化石能源电力消费量的具体核算方法，避免重复核算等内容。,https://www.ndrc.gov.cn/xxgk/zcfb/tz/202606/t20260601_1405606.html
《关于在云霄直流开展输电权市场化交易的通知》,2026/6/2,国家级,,4.能源领域,,电力市场,《通知》中涉及的输电权市场化交易适用于通过云霄直流开展的跨经营区中长期、现货电能量交易时的输电权交易。规定了云霄直流输电权市场化交易机制中的交易方式、组织、结算，以及价格限制等内容。并要求对输电权交易成交量、价格等情况进行公开披露。,https://www.ndrc.gov.cn/xwdt/tzgg/202606/t20260602_1405668.html
《加快农业农村现代化“十五五”规划》,2026/6/2,国家级,,7.农业、林业及其他土地利用,,"碳足迹,碳交易",为科学引领未来五年农业农村高质量发展，以加快农业农村现代化更好推进中国式现代化建设。在加快农业发展全面绿色转型方面，提出实施农业农村减排固碳行动；实施农产品碳足迹管理，推进农业领域碳交易；发展绿色低碳产业链；加强农业绿色发展水平监测等内容。,https://www.gov.cn/zhengce/content/202606/content_7070901.htm
《湖南省推进新型工业化和制造强省建设“十五五”规划》,2026/6/2,区域地方级,湖南,3.产业领域,,"循环经济,零碳园区",为明确湖南省“十五五”时期推进新型工业化和制造强省建设、持续用力打造国家重要先进制造业高地的总体思路、发展目标、产业体系等。在推动绿色低碳安全发展方面，提出深入推进绿色制造体系建设，培育绿色供应链，探索建设零碳工厂、零碳园区，开展重点产品碳足迹核算；大力发展循环经济，促进清洁生产和资源节约高效利用，强化工业产品低碳原料替代等。,https://www.hunan.gov.cn/hnszf/xxgk/wjk/szfwj/202606/t20260608_33996172.html
《关于组织开展“人工智能+”能源高价值场景试点申报工作的通知》,2026/6/4,区域地方级,山西,4.能源领域,,"绿电直连,绿色燃料",聚焦山西省能源产业绿色低碳转型和高质量发展需求，围绕“人工智能+”电网、能源新业态、新能源、火电、煤炭、油气等领域，征集和遴选一批技术领先、应用效益显著、推广潜力巨大的高价值应用场景。可申报方向包括绿电直连算电协同智能调度运营、绿氢及绿色燃料生产过程智能寻优、清洁能源基地多能互补智慧运行等。,https://nyj.shanxi.gov.cn/zfxxgk/fdzdgknr/sjwj/202606/t20260605_10140662.shtml
《黑龙江省化工园区建设标准和认定管理办法》,2026/6/5,区域地方级,黑龙江,3.产业领域,,零碳园区,旨在规范全省化工园区建设和认定管理，提升园区安全管控能力和绿色发展水平。《办法》明确园区应坚持生态优先、绿色发展，推进减污降碳协同增效。遵循减量化、再利用、资源化原则，推动资源循环利用、产业集聚耦合与能源梯级利用，打造绿色低碳、循环高效的零碳园区。,https://www.hlj.gov.cn/hlj/c108373/202606/c00_31947518.shtml
关于印发《吉林省碳普惠方法学管理办法》《吉林省碳普惠减排量管理办法》《吉林省大型活动碳中和实施指南》的通知,2026/6/8,区域地方级,吉林,2.政策制度体系,2.5 统计核算,碳普惠,碳普惠方法覆盖场景全覆盖“衣食住行购游”：纳入旧衣回收、光盘行动、减一次性用品、超低能耗住宅、垃圾分类、公交/骑行/拼车、新能源车、家电以旧换新、绿色寄递等数十项民生场景。碳普惠减排量须经第三方核查备案，未备案减排量不能交易、不能用于活动碳中和抵扣；减排量用于抵销后，应予以注销，不得重复使用。,http://xxgk.jl.gov.cn/zcbm/fgw_98007/xxgkmlqy/202606/t20260602_9643395.html
关于印发《吉林省碳普惠减排场景方法学 低碳出行（试行）》等6项 方法学的通知,2026/6/8,区域地方级,吉林,2.政策制度体系,2.2 标准体系,碳普惠,为加快推进吉林省碳普惠体系建设，规范碳普惠减排场景开发与设计、运行监测、数据管理及减排量核算、核查全流程工作，进一步提升企业、社会组织、公众等各类社会主体绿色低碳参与能力。研究制定了在低碳出行、低碳建筑、二手物品交易、 废弃产品分类回收、景区使用电子票证、外卖不使用一次性餐具方面的六项碳普惠方法学（试行）。,https://sthjt.jl.gov.cn/ywdt/tzgg/202606/t20260608_3636311.html
《广东省开发区规范化建设指导意见》,2026/6/8,区域地方级,广东,3.产业领域,,"碳足迹,绿电直连",目标到2030年，广东省开发区规上工业增加值年均增长5%，主导产业产值占比超过40%等。提出各开发区要大力推动绿色低碳园区建设，积极探索绿电直接供应方式，支持完善企业碳排放统计核算和产品碳足迹管理体系，大力发展绿色低碳循环产业等具体措施。,https://drc.gd.gov.cn/ywtz/content/post_4908023.html
《上海市生态环境领域科技创新行动方案（2026-2030年）》,2026/6/8,区域地方级,上海,2.政策制度体系,2,减污降碳,目标到2030年，生态环境领域科技创新策源功能明显增强，科技管理体制机制基本建立，创新平台驱动能力明显提升等。提出深化碳核算研究，提升碳足迹管理能力；深化城市绿林地、湿地等生态系统碳汇能力提升研究；减污降碳协同增效与应对气候变化，研究重点领域和行业碳污融合排放动态表征体系及减污降碳综合评估方法等。,https://sthj.sh.gov.cn/hbzhywpt2025/20260608/fd112774a8f84a6db89f919f1c9ddc49.html
《福建省“十五五”生态省建设暨生态环境保护规划》,2026/6/10,区域地方级,福建,2.政策制度体系,2,"零碳园区,碳市场,新型能源体系",目标到2030年，全面实施碳排放总量和强度双控制度，碳排放总量在2030年前实现达峰；到2035年，二氧化碳排放达峰后稳中有降，主要资源利用效率进一步提升等。提出完善重点行业领域碳排放预警管控机制、完善零碳园区建设体系、加快打造新型能源体系、统筹推进碳市场体系建设、推动交通运输绿色发展等具体措施。,https://www.fujian.gov.cn/zwgk/zxwj/szfwj/202606/t20260610_7161322.htm
《推动新能源重卡规模化应用实施方案》,2026/6/12,国家级,,5.交通领域,,多式联运,旨在促进交通运输绿色低碳转型，推进交通物流降本提质增效，加快推动新能源重卡规模化应用。提出加快零碳公路运输通道建设、发挥新能源重卡在多式联运场景中短驳优势、开展货运零排放试点建设、提升电动重卡绿电消费比例、推进碳排放核算与碳足迹标识认证等要求。,https://xxgk.mot.gov.cn/jigou/zhghs/202606/t20260612_4207423.html
《关于开展重点行业节能降碳改造攻坚三年行动的通知》,2026/6/15,国家级,,3.产业领域,,节能降碳,2026年起，以钢铁、电解铝、水泥、平板玻璃、炼油、乙烯、合成氨、甲醇、煤电等9个行业为重点，全面实施节能降碳改造。目标到2028 年底，以上重点行业达到现行能效标杆水平的产能比例平均提高 20 个百分点，煤电行业力争提高 15 个百分点，累计形成节能量 1 亿吨标准煤以上、减排二氧化碳 2 亿吨以上等。,https://www.ndrc.gov.cn/xxgk/zcfb/tz/202606/t20260615_1405852.html
《山西省省级零碳园区建设方案》,2026/6/15,区域地方级,山西,3.产业领域,,"零碳园区,绿电直连",山西省力争到2030年建设10个左右省级零碳园区，全面构建“以绿制绿”发展新模式。《方案》部署涵盖用能结构转型、新型储能应用、企业节能降碳、资源循环利用等十大关键领域重点任务。将充分挖掘园区及周边风光、生物质等清洁能源潜力，推广绿电直连；推动企业实施节能降碳改造，淘汰落后产能，建设零碳工厂；建立能碳管理平台等。,https://fgw.shanxi.gov.cn/sxfgwzwgk/sxsfgwxxgk/xxgkml/zfxxgkxgwj/202606/t20260604_10140338.shtml
《重庆市建设新型能源算力枢纽实施方案》,2026/6/16,区域地方级,重庆,4.能源领域,,绿电,目标到2027年，可调度智算规模达到10万P，AI+综合场景数量达到100个，“用算”企业超过1万家，高水平建成基础设施先进集约、算力调度高效智能、能源利用绿色低碳新型能源算力枢纽等。提出完善数据中心多层次发展格局，支持绿电资源丰富、气温适宜的渝东南、渝东北区县因地制宜布局建设绿色算力设施等重点任务。,https://www.cq.gov.cn/zwgk/zfxxgkml/szfwj/xzgfxwj/szfbgt/202606/t20260616_15758457.html
《辽宁省推进服务业扩能提质的实施意见》,2026/6/16,区域地方级,辽宁,3.产业领域,,"节能降碳,资源利用",目标到2030年，服务业支撑产业升级、满足民生、带动就业的作用有效发挥，高质量发展取得明显进展，增加值达到2.4万亿元以上。在环境治理方面，提出开展公共机构和大型公共建筑节能降碳改造。依法稳妥开展碳排放权、用水权等担保融资；在回收利用方面，提出围绕钢铁、塑料等资源循环利用，推动重点行业发展再制造服务等。,https://www.ln.gov.cn/web/zwgkx/zfwj/szfwj/2026n/2026061616413753311/index.shtml
《四川省支持绿色低碳发展若干政策措施》,2026/6/18,区域地方级,四川,2.政策制度体系,2,"绿色金融,新型储能",旨在加快推动四川经济社会发展全面绿色转型，提升绿色低碳发展水平。在加大政府资金投入方面，提出实施节能降碳增效改造、煤炭清洁化利用、新型储能和能源领域氢能项目激励等；在完善金融支持政策方面，提出引导金融机构推出绿色低碳转型金融产品和服务、支持企业发行绿色债券融资等具体措施。,https://fgw.sc.gov.cn/sfgw/qtwj/2026/6/18/a1598068103c430fb9514637ced2d212.shtml
《关于2026年上海市商业节能减碳绿色发展工作要点的通知》,2026/6/22,区域地方级,上海,4.能源领域,,"虚拟电厂,碳交易",为积极稳妥推进商务领域碳达峰碳中和，进一步提高能源利用效率，促进商业绿色发展，完成上海市商务领域节能减碳绿色发展年度目标任务。在节能减排工作方面，提出强化重点单位节能和碳排放管理、持续开展能效监管、推动既有建筑节能改造等重点任务；在绿色发展工作方面，提出推广碳交易和碳普惠减排、推动储能和虚拟电厂建设等重点任务。,https://sww.sh.gov.cn/zwgkgfqtzcwj/20260622/c24dc1e44e974486a75ba4e8a37a347d.html
《可再生能源消费最低比重目标和可再生能源电力消纳责任权重制度实施办法》,2026/6/23,国家级,,4.能源领域,,电力消纳,《办法》首次将非电消费纳入可再生能源消费最低比重目标。电力消费最低比重目标采用绿证进行核算，非电消费最低比重目标主要使用热量进行核算。可再生能源电力消纳责任权重分为总量和非水电权重两类，均采用消纳的物理电量核算。国家对省级行政区域电力消纳责任权重完成情况进行监测、评价和考核。自2026年8月1日起施行。,https://wap.miit.gov.cn/jgsj/jns/gzdt/art/2026/art_5e311cdaa3ea41dcb8c29e678cb4c3f7.html
《关于组织推进非公共电网可再生能源发电项目绿证核发的通知》,2026/6/23,国家级,,4.能源领域,,绿色电力证书,旨在加快建立绿色能源消费促进机制，进一步深化可再生能源绿色电力证书核发全覆盖，推动绿证市场高质量发展。非公共电网项目是指不直接接入公共电网的可再生能源发电项目，包括离网型项目、接入用户侧内部（或绿电直连等项目内部）的并网型项目。要求优先开展涉及可再生能源消费最低比重目标考核的重点用能行业企业相关非公共电网项目绿证核发等。,"https://www.nea.gov.cn/20260623/62bac506e76544bda509a7a50e81ba08/c.html#:~:text=为落实《中华人民共和国能源法》《国家发展改革委%20财政部,国家能源局关于做好可再生能源绿色电力证书全覆盖工作%20促进可再生能源电力消费的通知》（发改能源%E3%80%942023%E3%80%951044号）等法规政策有关要求，加快建立绿色能源消费促进机制，进一步深化可再生能源绿色电力证书（以下简称绿证）核发全覆盖，推动绿证市场高质量发展，现就推进非公共电网可再生能源发电项目（以下简称非公共电网项目）的绿证核发工作通知如下%E3%80%82"