城市,PM25,O3
林芝市,6,120
三亚市,11,86
山南市,4,147
儋州市,11,88
甘孜藏族自治州,6,106
阿勒泰地区,5,113
阿坝藏族羌族自治州,8,120
玉树藏族自治州,5,130
大兴安岭地区,10,108
昌都市,4,137
海口市,11.3,108
红河哈尼族彝族自治州,16,98
日喀则市,5,148
龙岩市,13,91
黔南布依族苗族自治州,14,90
南平市,12,102
塔城地区,7,110
丽江市,11,116
迪庆藏族自治州,9,120
阿里地区,6,155
文山壮族苗族自治州,15,102
克拉玛依市,8,122
大理白族自治州,14,110
湛江市,12,109
拉萨市,7.8,147
楚雄彝族自治州,16,104
呼伦贝尔市,12,102
黔东南苗族侗族自治州,18,98
阳江市,14,113
茂名市,13,105
珠海市,12.9,123
六盘水市,15,113
黔西南布依族苗族自治州,16,112
西双版纳傣族自治州,16,89
锡林郭勒盟,9,126
黄山市,15.4,119
恩施土家族苗族自治州,15,108
梅州市,15,104
湘西土家族苗族自治州,19,96
玉溪市,14,113
中山市,12.8,128
铜仁市,15,106
桂林市,16,101
赣州市,16,111
北海市,15,112
保山市,19,108
河池市,13,108
凉山彝族自治州,15,115
丽水市,12.7,128
延边朝鲜族自治州,13,136
果洛藏族自治州,12,125
张家界市,20,95
安顺市,20,108
郴州市,18,105
崇左市,17,120
汕尾市,14,154
河源市,17,122
伊春市,16,139
三明市,16,100
怀化市,21,99
黑河市,17,114
深圳市,12.8,139
曲靖市,16,124
防城港市,16,113
遵义市,20,108
钦州市,16,110
贺州市,18,102
抚州市,17,115
怒江傈僳族自治州,22,98
南宁市,17.8,119
海北藏族自治州,20,135
永州市,21,111
云浮市,14,122
昆明市,17.3,123
福州市,15.1,143
娄底市,19,120
毕节市,18,117
贵阳市,17.1,106
邵阳市,21.9,108
昭通市,17,120
牡丹江市,16,134
鸡西市,16,130
贵港市,18,113
威海市,14,162
陇南市,16,118
厦门市,16.5,147
吉安市,16,130
咸宁市,17.1,126
韶关市,17,115
莆田市,16,148
通化市,12,140
亳州市,17.3,157
江门市,15.1,132
安康市,18,113
普洱市,19,106
惠州市,15.3,154
岳阳市,21.1,130
景德镇市,19,118
玉林市,20,104
来宾市,17,132
那曲市,15,152
十堰市,17,126
舟山市,14.4,145
宁德市,17,134
肇庆市,16.9,130
黄南藏族自治州,20,143
齐齐哈尔市,14,150
信阳市,18.7,143
鹰潭市,19,125
湘潭市,19.6,123
泉州市,17,146
绥化市,17,142
柳州市,18,127
汕头市,17,156
七台河市,17,128
新余市,20.2,126
宜春市,20.5,121
上饶市,18,127
兴安盟,15,147
博尔塔拉蒙古自治州,15,125
伊犁哈萨克自治州,14,131
六安市,21.8,149
益阳市,21,131
临沧市,26,108
常德市,22,121
佳木斯市,20,142
长沙市,20.3,135
驻马店市,19.4,139
衡阳市,17.6,116
攀枝花市,17,120
辽源市,12,156
南昌市,19.5,132
丹东市,19,134
白山市,13,139
株洲市,21.2,127
烟台市,14,163
佛山市,18,138
台州市,18.4,144
松原市,20,149
甘南藏族自治州,19,126
宁波市,15.5,156
商洛市,17,143
海南藏族自治州,21,147
双鸭山市,21,133
萍乡市,20.7,126
广安市,23.9,135
承德市,18.2,165
大连市,17.5,146
重庆市,19,132
梧州市,18,121
德宏傣族景颇族自治州,25,104
潮州市,20,166
青岛市,15.5,166
宣城市,19.9,164
雅安市,21.5,149
巴中市,22,123
百色市,20,124
广州市,15.7,151
清远市,19,144
汉中市,23,130
海西蒙古族藏族自治州,18,151
大庆市,18,146
石河子市,14,137
庆阳市,19,134
铜川市,18.9,136
盐城市,20.2,154
白城市,16,168
鹤岗市,21,129
揭阳市,20,144
黄冈市,23.9,155
张家口市,18.8,173
金华市,18.5,149
本溪市,15,146
东莞市,15.3,181
哈密市,20,128
五家渠市,18,128
长春市,17.8,155
漳州市,21,149
南充市,24.6,130
连云港市,18,161
周口市,22.3,142
商丘市,21.5,153
荆州市,25.8,132
孝感市,20.8,156
随州市,18.8,153
济宁市,18.5,169
昌吉回族自治州,16,140
吉林市,20,150
南阳市,22.5,137
宜昌市,20.6,138
宿迁市,21.9,163
乌兰察布市,16,166
赤峰市,16,162
哈尔滨市,16.5,144
宝鸡市,19.8,133
温州市,19.8,142
衢州市,21.1,145
池州市,19.5,160
淮安市,20.9,154
濮阳市,20,154
达州市,18.7,121
泰安市,19.8,173
泸州市,22.1,138
广元市,21,138
遂宁市,22.9,133
辽阳市,17,155
朝阳市,16.3,163
菏泽市,21.8,158
宿州市,23.2,165
九江市,20.8,138
运城市,19.2,158
四平市,18,167
乌鲁木齐市,15.9,132
潍坊市,16.7,168
日照市,16.1,160
绍兴市,20.5,166
嘉兴市,19.4,164
安庆市,22.3,149
天水市,23,120
阜新市,16,164
铁岭市,13,168
许昌市,24.6,143
漯河市,23.3,145
内江市,26,143
长治市,17.7,170
济南市,16.6,177
呼和浩特市,16.4,149
延安市,21,132
徐州市,21.7,165
武汉市,23,143
上海市,20.7,161
淮北市,20.9,170
黄石市,22,148
资阳市,28.5,144
通辽市,18,151
鞍山市,19,141
南通市,18.1,170
淮南市,24.1,163
自贡市,26.1,149
合肥市,21.2,159
聊城市,18.7,182
南京市,19.2,179
杭州市,21.9,154
沈阳市,16,159
阜阳市,23.1,159
盘锦市,28,160
抚顺市,17,164
晋城市,19.8,170
荆门市,27.2,147
三门峡市,23.1,135
襄阳市,26.4,154
平顶山市,25.8,149
葫芦岛市,21.1,146
宜宾市,27,139
鄂州市,21.2,158
鄂尔多斯市,20,144
邯郸市,24,175
乐山市,27.4,142
锦州市,22.6,156
秦皇岛市,19.9,159
绵阳市,21.9,151
苏州市,20.4,175
东营市,19.1,183
定西市,26,139
石家庄市,23.1,167
朔州市,19.5,156
蚌埠市,22.4,180
阿拉善盟,23,144
大同市,18.2,163
邢台市,23.3,171
成都市,28,155
滨州市,20.6,180
泰州市,22.9,179
西安市,22.6,146
渭南市,23.5,145
营口市,20,176
沧州市,24.6,173
衡水市,20.6,180
安阳市,26.9,167
咸阳市,25.6,140
湖州市,25.1,170
郑州市,27.3,164
焦作市,25.8,156
枣庄市,18.9,189
临沂市,19.9,176
洛阳市,26.2,156
固原市,25,134
无锡市,18.9,182
西宁市,21.1,129
眉山市,20.3,155
常州市,21.9,177
淄博市,21.5,178
芜湖市,24.3,177
吕梁市,17.7,148
包头市,20.2,152
保定市,25.4,184
北京市,23.6,191
扬州市,22.5,185
忻州市,21.1,170
滁州市,28,184
晋中市,22.9,172
酒泉市,30,128
德阳市,25.3,164
铜陵市,24.4,162
德州市,21,188
镇江市,25.9,185
开封市,28.2,163
唐山市,28.5,150
新乡市,27.2,169
廊坊市,28.4,190
太原市,22.1,181
榆林市,23,155
天津市,24.5,177
鹤壁市,33.3,165
临夏回族自治州,35,116
临汾市,23.1,174
海东市,32,128
马鞍山市,27.2,181
嘉峪关市,27,136
张掖市,32,142
阳泉市,24.1,167
平凉市,30,131
武威市,34,138
巴彦淖尔市,31,142
白银市,34,128
银川市,21.5,151
金昌市,37,142
中卫市,35,136
吴忠市,35,151
兰州市,23.8,146
乌海市,31,146
石嘴山市,34,158
巴音郭楞蒙古自治州,61,114
吐鲁番市,53,125
克孜勒苏柯尔克孜自治州,78,130
喀什地区,89,128
阿克苏地区,126,121
和田地区,136,126
